timeStamp,elapsed,label,responseCode,responseMessage,threadName,dataType,success,failureMessage,bytes,sentBytes,grpThreads,allThreads,URL,Latency,IdleTime,Connect
1727367806738,443,HTTP Request,200,OK,Thread Group 1-1,text,true,,320,226,14,14,http://127.0.0.1:4000/finalSubmition,443,0,3
1727367806830,578,HTTP Request,200,OK,Thread Group 1-4,text,true,,320,226,21,21,http://127.0.0.1:4000/finalSubmition,578,0,3
1727367806861,860,HTTP Request,200,OK,Thread Group 1-5,text,true,,320,226,30,30,http://127.0.0.1:4000/finalSubmition,860,0,3
1727367806894,1202,HTTP Request,200,OK,Thread Group 1-6,text,true,,320,226,30,30,http://127.0.0.1:4000/finalSubmition,1202,0,2
1727367806923,1707,HTTP Request,200,OK,Thread Group 1-7,text,true,,320,226,30,30,http://127.0.0.1:4000/finalSubmition,1707,0,1
1727367806808,2004,HTTP Request,200,OK,Thread Group 1-3,text,true,,320,226,30,30,http://127.0.0.1:4000/finalSubmition,2004,0,1
1727367806954,1868,HTTP Request,200,OK,Thread Group 1-8,text,true,,320,226,30,30,http://127.0.0.1:4000/finalSubmition,1868,0,2
1727367806771,2062,HTTP Request,200,OK,Thread Group 1-2,text,true,,320,226,30,30,http://127.0.0.1:4000/finalSubmition,2062,0,2
1727367807121,1930,HTTP Request,200,OK,Thread Group 1-13,text,true,,320,226,30,30,http://127.0.0.1:4000/finalSubmition,1930,0,1
1727367807054,2012,HTTP Request,200,OK,Thread Group 1-11,text,true,,320,226,30,30,http://127.0.0.1:4000/finalSubmition,2012,0,2
1727367807086,1990,HTTP Request,200,OK,Thread Group 1-12,text,true,,320,226,30,30,http://127.0.0.1:4000/finalSubmition,1990,0,3
1727367807182,2058,HTTP Request,200,OK,Thread Group 1-1,text,true,,320,226,30,30,http://127.0.0.1:4000/finalSubmition,2058,0,0
1727367807152,2125,HTTP Request,200,OK,Thread Group 1-14,text,true,,320,226,30,30,http://127.0.0.1:4000/finalSubmition,2125,0,2
1727367807187,2285,HTTP Request,200,OK,Thread Group 1-15,text,true,,320,226,30,30,http://127.0.0.1:4000/finalSubmition,2285,0,2
1727367807254,2226,HTTP Request,200,OK,Thread Group 1-17,text,true,,320,226,30,30,http://127.0.0.1:4000/finalSubmition,2226,0,2
1727367807222,2266,HTTP Request,200,OK,Thread Group 1-16,text,true,,320,226,30,30,http://127.0.0.1:4000/finalSubmition,2266,0,3
1727367807321,2347,HTTP Request,200,OK,Thread Group 1-19,text,true,,320,226,30,30,http://127.0.0.1:4000/finalSubmition,2347,0,3
1727367807288,2390,HTTP Request,200,OK,Thread Group 1-18,text,true,,320,226,30,30,http://127.0.0.1:4000/finalSubmition,2390,0,1
1727367807351,2334,HTTP Request,200,OK,Thread Group 1-20,text,true,,320,226,30,30,http://127.0.0.1:4000/finalSubmition,2334,0,2
1727367807384,2457,HTTP Request,200,OK,Thread Group 1-21,text,true,,320,226,30,30,http://127.0.0.1:4000/finalSubmition,2457,0,2
1727367807410,2477,HTTP Request,200,OK,Thread Group 1-4,text,true,,320,226,30,30,http://127.0.0.1:4000/finalSubmition,2477,0,0
1727367807416,2580,HTTP Request,200,OK,Thread Group 1-22,text,true,,320,226,30,30,http://127.0.0.1:4000/finalSubmition,2580,0,2
1727367807448,2566,HTTP Request,200,OK,Thread Group 1-23,text,true,,320,226,30,30,http://127.0.0.1:4000/finalSubmition,2566,0,1
1727367806990,3032,HTTP Request,200,OK,Thread Group 1-9,text,true,,320,226,30,30,http://127.0.0.1:4000/finalSubmition,3032,0,2
1727367807027,3022,HTTP Request,200,OK,Thread Group 1-10,text,true,,320,226,30,30,http://127.0.0.1:4000/finalSubmition,3022,0,1
1727367807514,2546,HTTP Request,200,OK,Thread Group 1-25,text,true,,320,226,30,30,http://127.0.0.1:4000/finalSubmition,2546,0,2
1727367807586,2572,HTTP Request,200,OK,Thread Group 1-27,text,true,,320,226,30,30,http://127.0.0.1:4000/finalSubmition,2572,0,2
1727367807618,2559,HTTP Request,200,OK,Thread Group 1-28,text,true,,320,226,30,30,http://127.0.0.1:4000/finalSubmition,2558,0,3
1727367807651,2532,HTTP Request,200,OK,Thread Group 1-29,text,true,,320,226,30,30,http://127.0.0.1:4000/finalSubmition,2532,0,2
1727367807681,2527,HTTP Request,200,OK,Thread Group 1-30,text,true,,320,226,30,30,http://127.0.0.1:4000/finalSubmition,2527,0,1
1727367807723,2599,HTTP Request,200,OK,Thread Group 1-5,text,true,,320,226,30,30,http://127.0.0.1:4000/finalSubmition,2599,0,0
1727367808098,2258,HTTP Request,200,OK,Thread Group 1-6,text,true,,320,226,30,30,http://127.0.0.1:4000/finalSubmition,2258,0,0
1727367808632,1755,HTTP Request,200,OK,Thread Group 1-7,text,true,,320,226,30,30,http://127.0.0.1:4000/finalSubmition,1755,0,0
1727367808813,1726,HTTP Request,200,OK,Thread Group 1-3,text,true,,320,226,30,30,http://127.0.0.1:4000/finalSubmition,1726,0,0
1727367808823,1728,HTTP Request,200,OK,Thread Group 1-8,text,true,,320,226,30,30,http://127.0.0.1:4000/finalSubmition,1728,0,0
1727367808835,1822,HTTP Request,200,OK,Thread Group 1-2,text,true,,320,226,30,30,http://127.0.0.1:4000/finalSubmition,1822,0,0
1727367809053,1665,HTTP Request,200,OK,Thread Group 1-13,text,true,,320,226,30,30,http://127.0.0.1:4000/finalSubmition,1665,0,0
1727367809244,1648,HTTP Request,200,OK,Thread Group 1-1,text,true,,320,226,30,30,http://127.0.0.1:4000/finalSubmition,1648,0,0
1727367809077,1798,HTTP Request,200,OK,Thread Group 1-12,text,true,,320,226,30,30,http://127.0.0.1:4000/finalSubmition,1798,0,0
1727367809068,1802,HTTP Request,200,OK,Thread Group 1-11,text,true,,320,226,30,30,http://127.0.0.1:4000/finalSubmition,1802,0,0
1727367807484,3470,HTTP Request,200,OK,Thread Group 1-24,text,true,,320,226,30,30,http://127.0.0.1:4000/finalSubmition,3469,0,1
1727367807550,3422,HTTP Request,200,OK,Thread Group 1-26,text,true,,320,226,30,30,http://127.0.0.1:4000/finalSubmition,3422,0,2
1727367809473,1590,HTTP Request,200,OK,Thread Group 1-15,text,true,,320,226,30,30,http://127.0.0.1:4000/finalSubmition,1590,0,0
1727367809481,1589,HTTP Request,200,OK,Thread Group 1-17,text,true,,320,226,30,30,http://127.0.0.1:4000/finalSubmition,1589,0,0
1727367809490,1625,HTTP Request,200,OK,Thread Group 1-16,text,true,,320,226,30,30,http://127.0.0.1:4000/finalSubmition,1625,0,0
1727367809670,1544,HTTP Request,200,OK,Thread Group 1-19,text,true,,320,226,30,30,http://127.0.0.1:4000/finalSubmition,1544,0,0
1727367809680,1550,HTTP Request,200,OK,Thread Group 1-18,text,true,,320,226,30,30,http://127.0.0.1:4000/finalSubmition,1549,0,0
1727367809686,1576,HTTP Request,200,OK,Thread Group 1-20,text,true,,320,226,30,30,http://127.0.0.1:4000/finalSubmition,1576,0,0
1727367809888,1531,HTTP Request,200,OK,Thread Group 1-4,text,true,,320,226,30,30,http://127.0.0.1:4000/finalSubmition,1531,0,0
1727367809852,1608,HTTP Request,200,OK,Thread Group 1-21,text,true,,320,226,30,30,http://127.0.0.1:4000/finalSubmition,1608,0,0
1727367809998,1491,HTTP Request,200,OK,Thread Group 1-22,text,true,,320,226,30,30,http://127.0.0.1:4000/finalSubmition,1491,0,0
1727367810015,1577,HTTP Request,200,OK,Thread Group 1-23,text,true,,320,226,30,30,http://127.0.0.1:4000/finalSubmition,1577,0,0
1727367810023,1584,HTTP Request,200,OK,Thread Group 1-9,text,true,,320,226,30,30,http://127.0.0.1:4000/finalSubmition,1584,0,0
1727367810050,1604,HTTP Request,200,OK,Thread Group 1-10,text,true,,320,226,30,30,http://127.0.0.1:4000/finalSubmition,1604,0,0
1727367810061,1600,HTTP Request,200,OK,Thread Group 1-25,text,true,,320,226,30,30,http://127.0.0.1:4000/finalSubmition,1600,0,0
1727367810159,1606,HTTP Request,200,OK,Thread Group 1-27,text,true,,320,226,30,30,http://127.0.0.1:4000/finalSubmition,1606,0,0
1727367810184,1643,HTTP Request,200,OK,Thread Group 1-29,text,true,,320,226,30,30,http://127.0.0.1:4000/finalSubmition,1642,0,0
1727367810178,1631,HTTP Request,200,OK,Thread Group 1-28,text,true,,320,226,30,30,http://127.0.0.1:4000/finalSubmition,1631,0,0
1727367810209,1703,HTTP Request,200,OK,Thread Group 1-30,text,true,,320,226,30,30,http://127.0.0.1:4000/finalSubmition,1703,0,0
1727367810350,1613,HTTP Request,200,OK,Thread Group 1-5,text,true,,320,226,30,30,http://127.0.0.1:4000/finalSubmition,1613,0,0
1727367810357,1616,HTTP Request,200,OK,Thread Group 1-6,text,true,,320,226,30,30,http://127.0.0.1:4000/finalSubmition,1616,0,0
1727367809349,2638,HTTP Request,200,OK,Thread Group 1-14,text,true,,320,226,30,30,http://127.0.0.1:4000/finalSubmition,2638,0,0
1727367810388,1620,HTTP Request,200,OK,Thread Group 1-7,text,true,,320,226,30,30,http://127.0.0.1:4000/finalSubmition,1620,0,0
1727367810541,1570,HTTP Request,200,OK,Thread Group 1-3,text,true,,320,226,30,30,http://127.0.0.1:4000/finalSubmition,1570,0,0
1727367810552,1569,HTTP Request,200,OK,Thread Group 1-8,text,true,,320,226,30,30,http://127.0.0.1:4000/finalSubmition,1569,0,0
1727367810659,1483,HTTP Request,200,OK,Thread Group 1-2,text,true,,320,226,30,30,http://127.0.0.1:4000/finalSubmition,1483,0,0
1727367810720,1463,HTTP Request,200,OK,Thread Group 1-13,text,true,,320,226,30,30,http://127.0.0.1:4000/finalSubmition,1463,0,0
1727367810955,1419,HTTP Request,200,OK,Thread Group 1-24,text,true,,320,226,30,30,http://127.0.0.1:4000/finalSubmition,1419,0,0
1727367810908,1402,HTTP Request,200,OK,Thread Group 1-11,text,true,,320,226,30,30,http://127.0.0.1:4000/finalSubmition,1402,0,0
1727367810908,1382,HTTP Request,200,OK,Thread Group 1-12,text,true,,320,226,30,30,http://127.0.0.1:4000/finalSubmition,1382,0,0
1727367810908,1398,HTTP Request,200,OK,Thread Group 1-1,text,true,,320,226,30,30,http://127.0.0.1:4000/finalSubmition,1398,0,0
1727367810974,1471,HTTP Request,200,OK,Thread Group 1-26,text,true,,320,226,29,29,http://127.0.0.1:4000/finalSubmition,1471,0,0
1727367811072,1427,HTTP Request,200,OK,Thread Group 1-17,text,true,,320,226,29,29,http://127.0.0.1:4000/finalSubmition,1427,0,0
1727367811065,1454,HTTP Request,200,OK,Thread Group 1-15,text,true,,320,226,29,29,http://127.0.0.1:4000/finalSubmition,1454,0,0
1727367811117,1421,HTTP Request,200,OK,Thread Group 1-16,text,true,,320,226,29,29,http://127.0.0.1:4000/finalSubmition,1421,0,0
1727367811216,1391,HTTP Request,200,OK,Thread Group 1-19,text,true,,320,226,29,29,http://127.0.0.1:4000/finalSubmition,1391,0,0
1727367811231,1415,HTTP Request,200,OK,Thread Group 1-18,text,true,,320,226,29,29,http://127.0.0.1:4000/finalSubmition,1415,0,0
1727367811345,1345,HTTP Request,200,OK,Thread Group 1-20,text,true,,320,226,29,29,http://127.0.0.1:4000/finalSubmition,1345,0,0
1727367811421,1305,HTTP Request,200,OK,Thread Group 1-4,text,true,,320,226,29,29,http://127.0.0.1:4000/finalSubmition,1305,0,0
1727367811461,1331,HTTP Request,200,OK,Thread Group 1-21,text,true,,320,226,28,28,http://127.0.0.1:4000/finalSubmition,1331,0,0
1727367811609,1266,HTTP Request,200,OK,Thread Group 1-9,text,true,,320,226,28,28,http://127.0.0.1:4000/finalSubmition,1266,0,0
1727367811491,1317,HTTP Request,200,OK,Thread Group 1-22,text,true,,320,226,28,28,http://127.0.0.1:4000/finalSubmition,1317,0,0
1727367811594,1251,HTTP Request,200,OK,Thread Group 1-23,text,true,,320,226,28,28,http://127.0.0.1:4000/finalSubmition,1251,0,0
1727367811663,1264,HTTP Request,200,OK,Thread Group 1-25,text,true,,320,226,28,28,http://127.0.0.1:4000/finalSubmition,1264,0,0
1727367811767,1207,HTTP Request,200,OK,Thread Group 1-27,text,true,,320,226,28,28,http://127.0.0.1:4000/finalSubmition,1207,0,0
1727367811883,1170,HTTP Request,200,OK,Thread Group 1-29,text,true,,320,226,28,28,http://127.0.0.1:4000/finalSubmition,1170,0,0
1727367811883,1170,HTTP Request,200,OK,Thread Group 1-28,text,true,,320,226,28,28,http://127.0.0.1:4000/finalSubmition,1170,0,0
1727367811914,1172,HTTP Request,200,OK,Thread Group 1-30,text,true,,320,226,28,28,http://127.0.0.1:4000/finalSubmition,1172,0,0
1727367811965,1178,HTTP Request,200,OK,Thread Group 1-5,text,true,,320,226,28,28,http://127.0.0.1:4000/finalSubmition,1178,0,0
1727367811975,1208,HTTP Request,200,OK,Thread Group 1-6,text,true,,320,226,27,27,http://127.0.0.1:4000/finalSubmition,1208,0,0
1727367811989,1217,HTTP Request,200,OK,Thread Group 1-14,text,true,,320,226,26,26,http://127.0.0.1:4000/finalSubmition,1217,0,0
1727367812010,1210,HTTP Request,200,OK,Thread Group 1-7,text,true,,320,226,26,26,http://127.0.0.1:4000/finalSubmition,1210,0,0
1727367812113,1144,HTTP Request,200,OK,Thread Group 1-3,text,true,,320,226,25,25,http://127.0.0.1:4000/finalSubmition,1144,0,0
1727367812123,1145,HTTP Request,200,OK,Thread Group 1-8,text,true,,320,226,24,24,http://127.0.0.1:4000/finalSubmition,1145,0,0
1727367812144,1159,HTTP Request,200,OK,Thread Group 1-2,text,true,,320,226,23,23,http://127.0.0.1:4000/finalSubmition,1159,0,0
1727367812184,1162,HTTP Request,200,OK,Thread Group 1-13,text,true,,320,226,22,22,http://127.0.0.1:4000/finalSubmition,1161,0,0
1727367812393,1026,HTTP Request,200,OK,Thread Group 1-24,text,true,,320,226,22,22,http://127.0.0.1:4000/finalSubmition,1026,0,0
1727367812393,1037,HTTP Request,200,OK,Thread Group 1-12,text,true,,320,226,22,22,http://127.0.0.1:4000/finalSubmition,1037,0,0
1727367812393,1075,HTTP Request,200,OK,Thread Group 1-11,text,true,,320,226,20,20,http://127.0.0.1:4000/finalSubmition,1075,0,0
1727367812446,1050,HTTP Request,200,OK,Thread Group 1-26,text,true,,320,226,19,19,http://127.0.0.1:4000/finalSubmition,1050,0,0
1727367812502,1053,HTTP Request,200,OK,Thread Group 1-17,text,true,,320,226,19,19,http://127.0.0.1:4000/finalSubmition,1053,0,0
1727367812520,1058,HTTP Request,200,OK,Thread Group 1-15,text,true,,320,226,18,18,http://127.0.0.1:4000/finalSubmition,1058,0,0
1727367812539,1048,HTTP Request,200,OK,Thread Group 1-16,text,true,,320,226,17,17,http://127.0.0.1:4000/finalSubmition,1048,0,0
1727367812608,1021,HTTP Request,200,OK,Thread Group 1-19,text,true,,320,226,16,16,http://127.0.0.1:4000/finalSubmition,1021,0,0
1727367812647,1028,HTTP Request,200,OK,Thread Group 1-18,text,true,,320,226,15,15,http://127.0.0.1:4000/finalSubmition,1028,0,0
1727367812691,1014,HTTP Request,200,OK,Thread Group 1-20,text,true,,320,226,14,14,http://127.0.0.1:4000/finalSubmition,1013,0,0
1727367812792,949,HTTP Request,200,OK,Thread Group 1-21,text,true,,320,226,13,13,http://127.0.0.1:4000/finalSubmition,949,0,0
1727367812975,918,HTTP Request,200,OK,Thread Group 1-27,text,true,,320,226,12,12,http://127.0.0.1:4000/finalSubmition,918,0,0
1727367813054,892,HTTP Request,200,OK,Thread Group 1-29,text,true,,320,226,12,12,http://127.0.0.1:4000/finalSubmition,892,0,0
1727367812927,944,HTTP Request,200,OK,Thread Group 1-25,text,true,,320,226,12,12,http://127.0.0.1:4000/finalSubmition,944,0,0
1727367811656,2200,HTTP Request,200,OK,Thread Group 1-10,text,true,,320,226,12,12,http://127.0.0.1:4000/finalSubmition,2200,0,0
1727367812922,916,HTTP Request,200,OK,Thread Group 1-22,text,true,,320,226,12,12,http://127.0.0.1:4000/finalSubmition,916,0,0
1727367813054,888,HTTP Request,200,OK,Thread Group 1-28,text,true,,320,226,12,12,http://127.0.0.1:4000/finalSubmition,888,0,0
1727367813087,899,HTTP Request,200,OK,Thread Group 1-30,text,true,,320,226,7,7,http://127.0.0.1:4000/finalSubmition,899,0,0
1727367813208,831,HTTP Request,200,OK,Thread Group 1-14,text,true,,320,226,6,6,http://127.0.0.1:4000/finalSubmition,831,0,0
1727367813432,703,HTTP Request,200,OK,Thread Group 1-24,text,true,,320,226,5,5,http://127.0.0.1:4000/finalSubmition,703,0,0
1727367813498,703,HTTP Request,200,OK,Thread Group 1-26,text,true,,320,226,4,4,http://127.0.0.1:4000/finalSubmition,703,0,0
1727367813972,414,HTTP Request,200,OK,Thread Group 1-10,text,true,,320,226,3,3,http://127.0.0.1:4000/finalSubmition,414,0,0
1727367812921,1989,HTTP Request,200,OK,Thread Group 1-9,text,true,,320,226,2,2,http://127.0.0.1:4000/finalSubmition,1988,0,0
1727367812921,2071,HTTP Request,200,OK,Thread Group 1-23,text,true,,320,226,1,1,http://127.0.0.1:4000/finalSubmition,2071,0,0
